rank,regParam,alpha,precision@10,recall@10,ndcg@10,hit_rate@10,users_evaluated,fit_s
50,0.1,1.0,0.0659,0.0487,0.0794,0.4018,1528,25.7
50,0.01,1.0,0.065,0.0478,0.0782,0.4123,1528,26.0
20,0.1,1.0,0.0613,0.0432,0.0734,0.3685,1528,15.5
20,0.01,1.0,0.0602,0.0426,0.0709,0.3619,1528,16.9
50,0.1,5.0,0.0584,0.0431,0.0684,0.358,1528,25.7
10,0.1,1.0,0.0563,0.0368,0.0673,0.3534,1528,15.4
50,0.01,5.0,0.0575,0.0433,0.0669,0.3573,1528,25.8
10,0.01,1.0,0.0549,0.0362,0.0654,0.3508,1528,32.8
20,0.01,5.0,0.0537,0.0387,0.063,0.3377,1528,18.2
20,0.1,5.0,0.0533,0.0395,0.0629,0.341,1528,16.2
10,0.01,5.0,0.0506,0.0333,0.0583,0.3253,1528,20.0
10,0.1,5.0,0.0505,0.0335,0.0581,0.3298,1528,16.6
50,0.1,20.0,0.0452,0.0341,0.0512,0.3063,1528,24.4
20,0.01,20.0,0.0429,0.0313,0.0492,0.2886,1528,16.2
20,0.1,20.0,0.0427,0.0309,0.0492,0.2847,1528,16.6
50,0.01,20.0,0.0436,0.034,0.0489,0.2978,1528,25.2
10,0.01,20.0,0.042,0.0282,0.048,0.2834,1528,17.9
10,0.1,20.0,0.0421,0.028,0.0477,0.2866,1528,15.5
